IDNUMBER,INSTRUCTIONAL_LEVEL,ENROLLMENT_LEVEL,APPROX_ENROLLMENT,APPROX_TOTAL_COMPUTERS,COMPUTERS_PER_STUDENT
10001,High/Other,1000+,1200,750,0.625
10002,High/Other,<300,150,100,0.6666666666666666
10003,High/Other,1000+,1200,1200,1
10004,Middle,<300,150,100,0.6666666666666666
10005,Elementary,300-499,400,350,0.875
10006,Middle,500-999,750,750,1
10007,Middle,500-999,750,1200,1.6
10008,High/Other,1000+,1200,750,0.625
10009,Middle,500-999,750,750,1
10010,Elementary,300-499,400,350,0.875
10011,Middle,500-999,750,750,1
10012,Middle,300-499,400,350,0.875
10013,Middle,300-499,400,350,0.875
10014,Middle,1000+,1200,1200,1
10015,Middle,<300,150,100,0.6666666666666666
10016,Elementary,<300,150,100,0.6666666666666666
10017,Elementary,<300,150,350,2.3333333333333335
10018,High/Other,1000+,1200,1200,1
10019,High/Other,1000+,1200,1200,1
10020,Middle,500-999,750,350,0.4666666666666667
10021,Middle,500-999,750,750,1
10022,Elementary,<300,150,350,2.3333333333333335
10023,Elementary,500-999,750,750,1
10024,Elementary,<300,150,350,2.3333333333333335
10025,Elementary,300-499,400,350,0.875
10026,Elementary,300-499,400,350,0.875
10027,High/Other,500-999,750,750,1
10028,Elementary,500-999,750,350,0.4666666666666667
10029,Middle,300-499,400,350,0.875
10030,High/Other,1000+,1200,1200,1
10031,Middle,<300,150,350,2.3333333333333335
10032,Middle,<300,150,100,0.6666666666666666
10033,High/Other,<300,150,100,0.6666666666666666
10034,Elementary,<300,150,100,0.6666666666666666
10035,High/Other,1000+,1200,1200,1
10036,Middle,300-499,400,750,1.875
10037,High/Other,1000+,1200,1200,1
10038,High/Other,300-499,400,350,0.875
10039,High/Other,300-499,400,350,0.875
10040,Elementary,300-499,400,350,0.875
10041,High/Other,1000+,1200,1200,1
10042,Middle,<300,150,100,0.6666666666666666
10043,Middle,1000+,1200,1200,1
10044,Elementary,500-999,750,750,1
10045,Elementary,500-999,750,350,0.4666666666666667
10046,Elementary,300-499,400,350,0.875
10047,Elementary,500-999,750,100,0.13333333333333333
10048,Elementary,300-499,400,350,0.875
10049,Middle,<300,150,350,2.3333333333333335
10050,High/Other,500-999,750,750,1
10051,Middle,500-999,750,750,1
10052,Middle,500-999,750,750,1
10053,Middle,<300,150,100,0.6666666666666666
10054,Elementary,500-999,750,750,1
10055,Elementary,500-999,750,350,0.4666666666666667
10056,Middle,300-499,400,350,0.875
10057,High/Other,1000+,1200,1200,1
10058,Middle,1000+,1200,350,0.2916666666666667
10059,High/Other,1000+,1200,750,0.625
10060,Elementary,300-499,400,350,0.875
10061,High/Other,500-999,750,750,1
10062,Elementary,300-499,400,350,0.875
10063,Middle,1000+,1200,1200,1
10064,Elementary,300-499,400,350,0.875
10065,High/Other,1000+,1200,750,0.625
10066,Middle,<300,150,350,2.3333333333333335
10067,High/Other,1000+,1200,1200,1
10068,High/Other,500-999,750,750,1
10069,Elementary,500-999,750,350,0.4666666666666667
10070,High/Other,500-999,750,750,1
10071,Middle,1000+,1200,1200,1
10072,High/Other,300-499,400,350,0.875
10073,Elementary,500-999,750,750,1
10074,High/Other,300-499,400,350,0.875
10075,Middle,500-999,750,750,1
10076,High/Other,1000+,1200,1200,1
10077,Elementary,300-499,400,750,1.875
10078,Middle,300-499,400,350,0.875
10079,High/Other,300-499,400,350,0.875
10080,Middle,500-999,750,750,1
10081,High/Other,1000+,1200,1200,1
10082,Elementary,500-999,750,350,0.4666666666666667
10083,Middle,500-999,750,1200,1.6
10084,Elementary,300-499,400,350,0.875
10085,High/Other,1000+,1200,350,0.2916666666666667
10086,Elementary,<300,150,350,2.3333333333333335
10087,Middle,1000+,1200,1200,1
10088,Elementary,300-499,400,350,0.875
10089,High/Other,1000+,1200,1200,1
10090,Middle,300-499,400,350,0.875
10091,Elementary,500-999,750,1200,1.6
10092,Middle,1000+,1200,350,0.2916666666666667
10093,Middle,1000+,1200,1200,1
10094,Middle,1000+,1200,1200,1
10095,Elementary,<300,150,100,0.6666666666666666
10096,High/Other,500-999,750,1200,1.6
10097,High/Other,1000+,1200,1200,1
10098,High/Other,500-999,750,750,1
10099,Elementary,500-999,750,350,0.4666666666666667
10100,Middle,500-999,750,1200,1.6
10101,Middle,1000+,1200,1200,1
10102,High/Other,1000+,1200,1200,1
10103,High/Other,1000+,1200,1200,1
10104,Elementary,<300,150,100,0.6666666666666666
10105,Elementary,<300,150,350,2.3333333333333335
10106,High/Other,500-999,750,350,0.4666666666666667
10107,High/Other,300-499,400,350,0.875
10108,High/Other,<300,150,100,0.6666666666666666
10109,Elementary,1000+,1200,1200,1
10110,Elementary,300-499,400,350,0.875
10111,High/Other,1000+,1200,750,0.625
10112,High/Other,<300,150,100,0.6666666666666666
10113,Middle,500-999,750,750,1
10114,High/Other,1000+,1200,750,0.625
10115,Middle,500-999,750,750,1
10116,High/Other,<300,150,100,0.6666666666666666
10117,Middle,500-999,750,750,1
10118,High/Other,1000+,1200,1200,1
10119,Middle,300-499,400,350,0.875
10120,High/Other,500-999,750,750,1
10121,High/Other,500-999,750,750,1
10122,Middle,500-999,750,100,0.13333333333333333
10123,High/Other,<300,150,100,0.6666666666666666
10124,High/Other,1000+,1200,1200,1
10125,Elementary,300-499,400,350,0.875
10126,Middle,500-999,750,750,1
10127,High/Other,<300,150,350,2.3333333333333335
10128,Middle,<300,150,100,0.6666666666666666
10129,High/Other,<300,150,100,0.6666666666666666
10130,Elementary,<300,150,350,2.3333333333333335
10131,Elementary,500-999,750,750,1
10132,High/Other,1000+,1200,1200,1
10133,Elementary,500-999,750,750,1
10134,Middle,1000+,1200,1200,1
10135,High/Other,500-999,750,750,1
10136,Middle,1000+,1200,1200,1
10137,High/Other,300-499,400,350,0.875
10138,High/Other,500-999,750,750,1
10139,Elementary,300-499,400,350,0.875
10140,Elementary,300-499,400,750,1.875
10141,Elementary,300-499,400,350,0.875
10142,Elementary,300-499,400,350,0.875
10143,High/Other,1000+,1200,1200,1
10144,High/Other,<300,150,100,0.6666666666666666
10145,High/Other,500-999,750,350,0.4666666666666667
10146,Elementary,<300,150,350,2.3333333333333335
10147,Elementary,300-499,400,350,0.875
10148,Elementary,500-999,750,350,0.4666666666666667
10149,High/Other,1000+,1200,1200,1
10150,Elementary,300-499,400,350,0.875
10151,High/Other,500-999,750,750,1
10152,Middle,500-999,750,750,1
10153,Middle,500-999,750,750,1
10154,High/Other,1000+,1200,750,0.625
10155,Middle,300-499,400,750,1.875
10156,Middle,500-999,750,750,1
10157,Elementary,<300,150,350,2.3333333333333335
10158,Elementary,500-999,750,350,0.4666666666666667
10159,Elementary,300-499,400,100,0.25
10160,Middle,500-999,750,750,1
10161,Elementary,300-499,400,350,0.875
10162,High/Other,500-999,750,750,1
10163,Elementary,300-499,400,100,0.25
10164,Elementary,<300,150,350,2.3333333333333335
10165,Middle,300-499,400,750,1.875
10166,High/Other,1000+,1200,750,0.625
10167,Middle,500-999,750,350,0.4666666666666667
10168,Middle,500-999,750,750,1
10169,Elementary,300-499,400,100,0.25
10170,Elementary,500-999,750,350,0.4666666666666667
10171,Middle,500-999,750,750,1
10172,High/Other,<300,150,100,0.6666666666666666
10173,Elementary,300-499,400,750,1.875
10174,High/Other,1000+,1200,1200,1
10175,Elementary,<300,150,100,0.6666666666666666
10176,High/Other,1000+,1200,750,0.625
10177,Elementary,<300,150,100,0.6666666666666666
10178,Elementary,500-999,750,750,1
10179,Middle,500-999,750,750,1
10180,Middle,500-999,750,350,0.4666666666666667
10181,High/Other,1000+,1200,1200,1
10182,High/Other,500-999,750,750,1
10183,Middle,<300,150,350,2.3333333333333335
10184,High/Other,1000+,1200,350,0.2916666666666667
10185,Middle,1000+,1200,1200,1
10186,High/Other,1000+,1200,1200,1
10187,High/Other,500-999,750,750,1
10188,Elementary,<300,150,100,0.6666666666666666
10189,Elementary,500-999,750,350,0.4666666666666667
10190,Elementary,500-999,750,350,0.4666666666666667
10191,Middle,500-999,750,1200,1.6
10192,Elementary,500-999,750,750,1
10193,Middle,300-499,400,750,1.875
10194,High/Other,<300,150,100,0.6666666666666666
10195,Elementary,500-999,750,750,1
10196,Elementary,500-999,750,100,0.13333333333333333
10197,High/Other,1000+,1200,1200,1
10198,Middle,1000+,1200,1200,1
10199,Middle,500-999,750,750,1
10200,High/Other,1000+,1200,1200,1
10201,Elementary,500-999,750,350,0.4666666666666667
10202,High/Other,300-499,400,750,1.875
10203,Middle,300-499,400,350,0.875
10204,Middle,300-499,400,350,0.875
10205,Elementary,300-499,400,100,0.25
10206,Middle,500-999,750,750,1
10207,Middle,500-999,750,750,1
10208,Elementary,500-999,750,750,1
10209,High/Other,1000+,1200,1200,1
10210,High/Other,1000+,1200,1200,1
10211,Elementary,500-999,750,750,1
10212,Elementary,500-999,750,750,1
10213,Elementary,500-999,750,350,0.4666666666666667
10214,Elementary,<300,150,350,2.3333333333333335
10215,High/Other,500-999,750,100,0.13333333333333333
10216,Elementary,500-999,750,750,1
10217,Elementary,500-999,750,750,1
10218,High/Other,<300,150,100,0.6666666666666666
10219,High/Other,1000+,1200,1200,1
10220,Elementary,500-999,750,750,1
10221,High/Other,1000+,1200,1200,1
10222,High/Other,1000+,1200,1200,1
10223,High/Other,1000+,1200,1200,1
10224,Elementary,300-499,400,350,0.875
10225,High/Other,300-499,400,350,0.875
10226,High/Other,<300,150,350,2.3333333333333335
10227,Elementary,300-499,400,350,0.875
10228,High/Other,<300,150,100,0.6666666666666666
10229,Middle,1000+,1200,750,0.625
10230,Elementary,500-999,750,350,0.4666666666666667
10231,High/Other,500-999,750,750,1
10232,Elementary,500-999,750,750,1
10233,High/Other,1000+,1200,1200,1
10234,Middle,1000+,1200,750,0.625
10235,High/Other,1000+,1200,750,0.625
10236,High/Other,300-499,400,350,0.875
10237,Elementary,300-499,400,350,0.875
10238,High/Other,500-999,750,750,1
10239,Elementary,500-999,750,350,0.4666666666666667
10240,Middle,<300,150,350,2.3333333333333335
10241,Middle,500-999,750,750,1
10242,Elementary,1000+,1200,1200,1
10243,High/Other,500-999,750,750,1
10244,Elementary,<300,150,100,0.6666666666666666
10245,Elementary,<300,150,100,0.6666666666666666
10246,Elementary,300-499,400,350,0.875
10247,Elementary,500-999,750,750,1
10248,High/Other,1000+,1200,1200,1
10249,High/Other,<300,150,100,0.6666666666666666
10250,Middle,500-999,750,750,1
10251,Middle,<300,150,350,2.3333333333333335
10252,Elementary,300-499,400,750,1.875
10253,High/Other,300-499,400,350,0.875
10254,High/Other,<300,150,350,2.3333333333333335
10255,Middle,500-999,750,350,0.4666666666666667
10256,Middle,500-999,750,1200,1.6
10257,High/Other,300-499,400,350,0.875
10258,High/Other,<300,150,100,0.6666666666666666
10259,Middle,300-499,400,750,1.875
10260,High/Other,1000+,1200,750,0.625
10261,Elementary,500-999,750,750,1
10262,Elementary,300-499,400,350,0.875
10263,Elementary,300-499,400,350,0.875
10264,Middle,500-999,750,750,1
10265,High/Other,300-499,400,350,0.875
10266,Elementary,<300,150,350,2.3333333333333335
10267,Middle,500-999,750,750,1
10268,High/Other,300-499,400,350,0.875
10269,High/Other,1000+,1200,1200,1
10270,High/Other,300-499,400,750,1.875
10271,High/Other,500-999,750,750,1
10272,Middle,300-499,400,350,0.875
10273,Elementary,500-999,750,750,1
10274,Middle,500-999,750,750,1
10275,Middle,300-499,400,100,0.25
10276,High/Other,1000+,1200,1200,1
10277,Elementary,<300,150,350,2.3333333333333335
10278,Middle,<300,150,100,0.6666666666666666
10279,High/Other,500-999,750,750,1
10280,Middle,500-999,750,750,1
10281,Middle,1000+,1200,1200,1
10282,High/Other,1000+,1200,1200,1
10283,Elementary,500-999,750,350,0.4666666666666667
10284,Middle,300-499,400,350,0.875
10285,Elementary,500-999,750,750,1
10286,Elementary,<300,150,100,0.6666666666666666
10287,High/Other,1000+,1200,1200,1
10288,High/Other,300-499,400,350,0.875
10289,Elementary,500-999,750,750,1
10290,High/Other,1000+,1200,1200,1
10291,Middle,300-499,400,750,1.875
10292,High/Other,1000+,1200,1200,1
10293,High/Other,500-999,750,750,1
10294,High/Other,1000+,1200,1200,1
10295,Middle,1000+,1200,350,0.2916666666666667
10296,Elementary,500-999,750,750,1
10297,High/Other,1000+,1200,1200,1
10298,Elementary,500-999,750,350,0.4666666666666667
10299,High/Other,<300,150,350,2.3333333333333335
10300,Middle,<300,150,100,0.6666666666666666
10301,Middle,500-999,750,750,1
10302,High/Other,1000+,1200,1200,1
10303,Middle,500-999,750,750,1
10304,High/Other,<300,150,350,2.3333333333333335
10305,Middle,500-999,750,750,1
10306,Middle,500-999,750,750,1
10307,Elementary,300-499,400,350,0.875
10308,Middle,500-999,750,750,1
10309,Middle,500-999,750,750,1
10310,Middle,500-999,750,350,0.4666666666666667
10311,High/Other,500-999,750,750,1
10312,High/Other,<300,150,100,0.6666666666666666
10313,Elementary,300-499,400,350,0.875
10314,High/Other,<300,150,350,2.3333333333333335
10315,Middle,500-999,750,750,1
10316,Elementary,300-499,400,100,0.25
10317,Middle,1000+,1200,350,0.2916666666666667
10318,High/Other,1000+,1200,1200,1
10319,Middle,1000+,1200,1200,1
10320,Elementary,500-999,750,350,0.4666666666666667
10321,Elementary,500-999,750,350,0.4666666666666667
10322,Middle,500-999,750,750,1
10323,Elementary,300-499,400,350,0.875
10324,High/Other,500-999,750,1200,1.6
10325,Elementary,500-999,750,750,1
10326,High/Other,1000+,1200,1200,1
10327,Middle,500-999,750,350,0.4666666666666667
10328,High/Other,1000+,1200,100,0.08333333333333333
10329,High/Other,500-999,750,750,1
10330,Middle,<300,150,100,0.6666666666666666
10331,Elementary,500-999,750,750,1
10332,High/Other,500-999,750,750,1
10333,Elementary,<300,150,750,5
10334,High/Other,300-499,400,750,1.875
10335,Middle,500-999,750,350,0.4666666666666667
10336,High/Other,500-999,750,750,1
10337,High/Other,500-999,750,350,0.4666666666666667
10338,Middle,300-499,400,350,0.875
10339,High/Other,<300,150,350,2.3333333333333335
10340,Middle,500-999,750,750,1
10341,Middle,500-999,750,1200,1.6
10342,Elementary,500-999,750,750,1
10343,High/Other,<300,150,350,2.3333333333333335
10344,Middle,<300,150,350,2.3333333333333335
10345,Middle,500-999,750,750,1
10346,Elementary,300-499,400,100,0.25
10347,Elementary,300-499,400,100,0.25
10348,Middle,<300,150,350,2.3333333333333335
10349,Elementary,500-999,750,100,0.13333333333333333
10350,Middle,1000+,1200,1200,1
10351,High/Other,1000+,1200,1200,1
10352,High/Other,1000+,1200,350,0.2916666666666667
10353,Elementary,500-999,750,750,1
10354,Elementary,500-999,750,350,0.4666666666666667
10355,Elementary,500-999,750,350,0.4666666666666667
10356,Elementary,500-999,750,350,0.4666666666666667
10357,Elementary,500-999,750,750,1
10358,Middle,300-499,400,350,0.875
10359,Elementary,<300,150,100,0.6666666666666666
10360,High/Other,<300,150,350,2.3333333333333335
10361,High/Other,<300,150,350,2.3333333333333335
10362,Elementary,300-499,400,350,0.875
10363,Elementary,500-999,750,750,1
10364,Elementary,300-499,400,350,0.875
10365,Elementary,500-999,750,750,1
10366,High/Other,1000+,1200,1200,1
10367,High/Other,500-999,750,1200,1.6
10368,High/Other,<300,150,100,0.6666666666666666
10369,Elementary,300-499,400,350,0.875
10370,Elementary,300-499,400,750,1.875
10371,Elementary,300-499,400,350,0.875
10372,High/Other,500-999,750,750,1
10373,High/Other,<300,150,100,0.6666666666666666
10374,Elementary,<300,150,100,0.6666666666666666
10375,Middle,500-999,750,750,1
10376,Middle,1000+,1200,1200,1
10377,Elementary,<300,150,100,0.6666666666666666
10378,High/Other,500-999,750,750,1
10379,High/Other,1000+,1200,1200,1
10380,Middle,<300,150,100,0.6666666666666666
10381,Elementary,300-499,400,750,1.875
10382,Middle,500-999,750,750,1
10383,High/Other,500-999,750,1200,1.6
10384,High/Other,300-499,400,750,1.875
10385,Middle,500-999,750,750,1
10386,High/Other,500-999,750,750,1
10387,Middle,500-999,750,750,1
10388,High/Other,300-499,400,750,1.875
10389,High/Other,1000+,1200,1200,1
10390,Elementary,300-499,400,750,1.875
10391,Elementary,300-499,400,350,0.875
10392,Elementary,500-999,750,350,0.4666666666666667
10393,High/Other,1000+,1200,1200,1
10394,High/Other,1000+,1200,1200,1
10395,High/Other,300-499,400,350,0.875
10396,Middle,500-999,750,750,1
10397,Elementary,500-999,750,750,1
10398,High/Other,1000+,1200,750,0.625
10399,High/Other,300-499,400,750,1.875
10400,Elementary,<300,150,350,2.3333333333333335
10401,Elementary,<300,150,350,2.3333333333333335
10402,Elementary,500-999,750,750,1
10403,High/Other,1000+,1200,1200,1
10404,Middle,500-999,750,750,1
10405,High/Other,<300,150,350,2.3333333333333335
10406,High/Other,1000+,1200,350,0.2916666666666667
10407,Middle,300-499,400,350,0.875
10408,Middle,500-999,750,750,1
10409,Middle,500-999,750,750,1
10410,Elementary,<300,150,100,0.6666666666666666
10411,High/Other,1000+,1200,1200,1
10412,High/Other,1000+,1200,1200,1
10413,High/Other,500-999,750,1200,1.6
10414,Elementary,500-999,750,750,1
10415,Middle,<300,150,100,0.6666666666666666
10416,Elementary,<300,150,350,2.3333333333333335
10417,High/Other,300-499,400,350,0.875
10418,Middle,500-999,750,350,0.4666666666666667
10419,Middle,300-499,400,350,0.875
10420,Elementary,500-999,750,750,1
10421,Elementary,300-499,400,350,0.875
10422,Middle,500-999,750,750,1
10423,Elementary,500-999,750,350,0.4666666666666667
10424,Middle,500-999,750,350,0.4666666666666667
10425,High/Other,1000+,1200,1200,1
10426,High/Other,<300,150,100,0.6666666666666666
10427,Elementary,500-999,750,750,1
10428,High/Other,300-499,400,350,0.875
10429,Middle,300-499,400,750,1.875
10430,High/Other,1000+,1200,1200,1
10431,Middle,300-499,400,100,0.25
10432,High/Other,1000+,1200,1200,1
10433,Middle,500-999,750,350,0.4666666666666667
10434,High/Other,1000+,1200,1200,1
10435,High/Other,1000+,1200,1200,1
10436,High/Other,500-999,750,1200,1.6
10437,Middle,500-999,750,750,1
10438,Elementary,300-499,400,350,0.875
10439,High/Other,1000+,1200,1200,1
10440,High/Other,1000+,1200,1200,1
10441,Middle,500-999,750,750,1
10442,Middle,1000+,1200,1200,1
10443,High/Other,1000+,1200,1200,1
10444,High/Other,500-999,750,350,0.4666666666666667
10445,High/Other,<300,150,100,0.6666666666666666
10446,Elementary,300-499,400,750,1.875
10447,Middle,300-499,400,350,0.875
10448,Elementary,300-499,400,350,0.875
10449,High/Other,500-999,750,750,1
10450,Middle,300-499,400,350,0.875
10451,High/Other,1000+,1200,1200,1
10452,Middle,1000+,1200,750,0.625
10453,Elementary,500-999,750,350,0.4666666666666667
10454,High/Other,1000+,1200,350,0.2916666666666667
10455,High/Other,1000+,1200,1200,1
10456,Middle,500-999,750,350,0.4666666666666667
10457,Middle,1000+,1200,750,0.625
10458,Elementary,500-999,750,750,1
10459,Elementary,1000+,1200,1200,1
10460,Elementary,300-499,400,350,0.875
10461,Elementary,300-499,400,350,0.875
10462,High/Other,1000+,1200,750,0.625
10463,High/Other,1000+,1200,750,0.625
10464,Middle,1000+,1200,750,0.625
10465,Elementary,500-999,750,750,1
10466,Middle,500-999,750,750,1
10467,Elementary,500-999,750,350,0.4666666666666667
10468,High/Other,<300,150,100,0.6666666666666666
10469,High/Other,<300,150,350,2.3333333333333335
10470,High/Other,1000+,1200,750,0.625
10471,High/Other,1000+,1200,350,0.2916666666666667
10472,Elementary,<300,150,100,0.6666666666666666
10473,High/Other,300-499,400,350,0.875
10474,Middle,1000+,1200,750,0.625
10475,Elementary,1000+,1200,1200,1
10476,Elementary,500-999,750,350,0.4666666666666667
10477,Middle,<300,150,100,0.6666666666666666
10478,Middle,500-999,750,750,1
10479,High/Other,<300,150,350,2.3333333333333335
10480,Elementary,300-499,400,100,0.25
10481,High/Other,500-999,750,750,1
10482,High/Other,300-499,400,100,0.25
10483,Elementary,500-999,750,100,0.13333333333333333
10484,High/Other,300-499,400,350,0.875
10485,High/Other,<300,150,100,0.6666666666666666
10486,High/Other,1000+,1200,1200,1
10487,Elementary,<300,150,350,2.3333333333333335
10488,Elementary,300-499,400,350,0.875
10489,Middle,500-999,750,750,1
10490,High/Other,500-999,750,750,1
10491,Middle,1000+,1200,750,0.625
10492,Middle,1000+,1200,1200,1
10493,Elementary,<300,150,350,2.3333333333333335
10494,High/Other,1000+,1200,1200,1
10495,High/Other,500-999,750,350,0.4666666666666667
10496,Elementary,500-999,750,350,0.4666666666666667
10497,Elementary,300-499,400,100,0.25
10498,High/Other,<300,150,350,2.3333333333333335
10499,Middle,500-999,750,350,0.4666666666666667
10500,High/Other,1000+,1200,1200,1
10501,Middle,500-999,750,1200,1.6
10502,Elementary,300-499,400,350,0.875
10503,Elementary,300-499,400,350,0.875
10504,High/Other,1000+,1200,750,0.625
10505,Middle,300-499,400,750,1.875
10506,High/Other,1000+,1200,1200,1
10507,Elementary,<300,150,350,2.3333333333333335
10508,Elementary,500-999,750,350,0.4666666666666667
10509,Middle,500-999,750,750,1
10510,Middle,500-999,750,1200,1.6
10511,High/Other,500-999,750,350,0.4666666666666667
10512,High/Other,1000+,1200,1200,1
10513,High/Other,<300,150,100,0.6666666666666666
10514,Elementary,300-499,400,750,1.875
10515,High/Other,1000+,1200,750,0.625
10516,Elementary,500-999,750,750,1
10517,High/Other,<300,150,350,2.3333333333333335
10518,Middle,<300,150,350,2.3333333333333335
10519,Elementary,500-999,750,350,0.4666666666666667
10520,Elementary,300-499,400,350,0.875
10521,Elementary,500-999,750,750,1
10522,Elementary,500-999,750,350,0.4666666666666667
10523,High/Other,500-999,750,1200,1.6
10524,Middle,500-999,750,350,0.4666666666666667
10525,High/Other,<300,150,350,2.3333333333333335
10526,High/Other,1000+,1200,1200,1
10527,Elementary,<300,150,350,2.3333333333333335
10528,Middle,500-999,750,750,1
10529,High/Other,1000+,1200,750,0.625
10530,Middle,300-499,400,750,1.875
10531,High/Other,<300,150,350,2.3333333333333335
10532,Middle,500-999,750,750,1
10533,Middle,500-999,750,750,1
10534,High/Other,500-999,750,750,1
10535,Elementary,300-499,400,350,0.875
10536,Middle,500-999,750,750,1
10537,Middle,500-999,750,1200,1.6
10538,Elementary,300-499,400,350,0.875
10539,Elementary,500-999,750,750,1
10540,High/Other,1000+,1200,1200,1
10541,Elementary,500-999,750,350,0.4666666666666667
10542,High/Other,<300,150,100,0.6666666666666666
10543,Middle,1000+,1200,1200,1
10544,High/Other,500-999,750,750,1
10545,High/Other,1000+,1200,1200,1
10546,High/Other,1000+,1200,750,0.625
10547,Middle,1000+,1200,750,0.625
10548,Middle,500-999,750,1200,1.6
10549,Elementary,500-999,750,750,1
10550,High/Other,1000+,1200,1200,1
10551,High/Other,300-499,400,350,0.875
10552,Middle,500-999,750,750,1
10553,High/Other,300-499,400,350,0.875
10554,Middle,1000+,1200,1200,1
10555,Middle,1000+,1200,1200,1
10556,Middle,<300,150,350,2.3333333333333335
10557,Middle,300-499,400,750,1.875
10558,High/Other,300-499,400,750,1.875
10559,High/Other,1000+,1200,1200,1
10560,Elementary,300-499,400,100,0.25
10561,High/Other,1000+,1200,1200,1
10562,Elementary,<300,150,100,0.6666666666666666
10563,High/Other,500-999,750,1200,1.6
10564,Middle,300-499,400,750,1.875
10565,High/Other,500-999,750,1200,1.6
10566,Middle,<300,150,350,2.3333333333333335
10567,Middle,1000+,1200,750,0.625
10568,Middle,300-499,400,750,1.875
10569,High/Other,500-999,750,100,0.13333333333333333
10570,High/Other,1000+,1200,750,0.625
10571,High/Other,1000+,1200,1200,1
10572,Middle,500-999,750,750,1
10573,High/Other,300-499,400,750,1.875
10574,High/Other,500-999,750,1200,1.6
10575,Elementary,500-999,750,750,1
10576,Elementary,300-499,400,750,1.875
10577,Middle,300-499,400,350,0.875
10578,Middle,1000+,1200,1200,1
10579,Elementary,300-499,400,350,0.875
10580,Elementary,500-999,750,350,0.4666666666666667
10581,Middle,1000+,1200,1200,1
10582,High/Other,<300,150,100,0.6666666666666666
10583,High/Other,1000+,1200,1200,1
10584,Elementary,500-999,750,750,1
10585,Elementary,<300,150,100,0.6666666666666666
10586,High/Other,300-499,400,350,0.875
10587,Elementary,300-499,400,350,0.875
10588,High/Other,1000+,1200,1200,1
10589,High/Other,300-499,400,350,0.875
10590,Middle,500-999,750,750,1
10591,High/Other,1000+,1200,1200,1
10592,Elementary,500-999,750,350,0.4666666666666667
10593,High/Other,1000+,1200,1200,1
10594,Middle,500-999,750,750,1
10595,High/Other,1000+,1200,1200,1
10596,Middle,1000+,1200,1200,1
10597,Elementary,300-499,400,100,0.25
10598,Middle,1000+,1200,350,0.2916666666666667
10599,Middle,500-999,750,350,0.4666666666666667
10600,Middle,500-999,750,750,1
10601,Middle,500-999,750,750,1
10602,High/Other,500-999,750,750,1
10603,High/Other,300-499,400,350,0.875
10604,High/Other,<300,150,350,2.3333333333333335
10605,Elementary,500-999,750,1200,1.6
10606,High/Other,<300,150,350,2.3333333333333335
10607,Middle,1000+,1200,1200,1
10608,High/Other,1000+,1200,750,0.625
10609,Elementary,300-499,400,350,0.875
10610,Middle,500-999,750,750,1
10611,Elementary,500-999,750,750,1
10612,Middle,1000+,1200,1200,1
10613,Elementary,500-999,750,750,1
10614,High/Other,300-499,400,350,0.875
10615,Middle,1000+,1200,1200,1
10616,High/Other,500-999,750,750,1
10617,High/Other,1000+,1200,1200,1
10618,Elementary,500-999,750,350,0.4666666666666667
10619,Elementary,500-999,750,350,0.4666666666666667
10620,Middle,<300,150,100,0.6666666666666666
10621,High/Other,300-499,400,350,0.875
10622,Elementary,300-499,400,350,0.875
10623,High/Other,1000+,1200,1200,1
10624,Elementary,<300,150,100,0.6666666666666666
10625,Middle,1000+,1200,1200,1
10626,Elementary,300-499,400,750,1.875
10627,Elementary,500-999,750,750,1
10628,Middle,1000+,1200,750,0.625
10629,Elementary,500-999,750,750,1
10630,Elementary,500-999,750,750,1
10631,Middle,1000+,1200,1200,1
10632,Middle,500-999,750,750,1
10633,Middle,<300,150,350,2.3333333333333335
10634,Elementary,<300,150,100,0.6666666666666666
10635,High/Other,500-999,750,750,1
10636,Elementary,<300,150,350,2.3333333333333335
10637,Elementary,500-999,750,750,1
10638,Elementary,500-999,750,750,1
10639,High/Other,1000+,1200,1200,1
10640,Middle,<300,150,350,2.3333333333333335
10641,Elementary,500-999,750,350,0.4666666666666667
10642,Elementary,300-499,400,100,0.25
10643,High/Other,500-999,750,750,1
10644,Elementary,500-999,750,350,0.4666666666666667
10645,Middle,300-499,400,350,0.875
10646,Elementary,<300,150,350,2.3333333333333335
10647,Elementary,500-999,750,750,1
10648,Elementary,300-499,400,750,1.875
10649,Middle,1000+,1200,1200,1
10650,Middle,500-999,750,750,1
10651,High/Other,500-999,750,350,0.4666666666666667
10652,Middle,300-499,400,100,0.25
10653,High/Other,300-499,400,750,1.875
10654,High/Other,1000+,1200,1200,1
10655,Middle,500-999,750,350,0.4666666666666667
10656,High/Other,500-999,750,1200,1.6
10657,Middle,1000+,1200,750,0.625
10658,Middle,500-999,750,750,1
10659,Middle,<300,150,350,2.3333333333333335
10660,Middle,1000+,1200,1200,1
10661,Elementary,300-499,400,750,1.875
10662,Elementary,300-499,400,350,0.875
10663,High/Other,<300,150,350,2.3333333333333335
10664,Middle,500-999,750,750,1
10665,Elementary,1000+,1200,350,0.2916666666666667
10666,Elementary,500-999,750,750,1
10667,High/Other,1000+,1200,750,0.625
10668,High/Other,1000+,1200,1200,1
10669,Middle,500-999,750,1200,1.6
10670,High/Other,500-999,750,750,1
10671,Middle,300-499,400,350,0.875
10672,High/Other,1000+,1200,1200,1
10673,Middle,1000+,1200,1200,1
10674,High/Other,1000+,1200,1200,1
10675,High/Other,<300,150,100,0.6666666666666666
10676,Elementary,500-999,750,350,0.4666666666666667
10677,Elementary,500-999,750,350,0.4666666666666667
10678,Elementary,500-999,750,350,0.4666666666666667
10679,High/Other,500-999,750,350,0.4666666666666667
10680,High/Other,1000+,1200,1200,1
10681,Middle,300-499,400,350,0.875
10682,Elementary,<300,150,350,2.3333333333333335
10683,Middle,500-999,750,1200,1.6
10684,High/Other,500-999,750,750,1
10685,High/Other,300-499,400,350,0.875
10686,High/Other,<300,150,100,0.6666666666666666
10687,Elementary,500-999,750,750,1
10688,High/Other,1000+,1200,1200,1
10689,High/Other,1000+,1200,750,0.625
10690,Elementary,<300,150,350,2.3333333333333335
10691,Elementary,500-999,750,100,0.13333333333333333
10692,High/Other,<300,150,100,0.6666666666666666
10693,Elementary,500-999,750,750,1
10694,Middle,500-999,750,750,1
10695,High/Other,300-499,400,750,1.875
10696,Elementary,500-999,750,350,0.4666666666666667
10697,Elementary,<300,150,100,0.6666666666666666
10698,Elementary,500-999,750,350,0.4666666666666667
10699,High/Other,1000+,1200,1200,1
10700,Elementary,300-499,400,350,0.875
10701,Elementary,300-499,400,750,1.875
10702,Elementary,500-999,750,750,1
10703,Middle,300-499,400,350,0.875
10704,High/Other,1000+,1200,750,0.625
10705,Elementary,500-999,750,350,0.4666666666666667
10706,High/Other,<300,150,100,0.6666666666666666
10707,Middle,<300,150,100,0.6666666666666666
10708,Elementary,<300,150,100,0.6666666666666666
10709,High/Other,500-999,750,750,1
10710,High/Other,1000+,1200,1200,1
10711,Middle,300-499,400,750,1.875
10712,High/Other,500-999,750,750,1
10713,High/Other,<300,150,100,0.6666666666666666
10714,Middle,1000+,1200,1200,1
10715,Elementary,300-499,400,750,1.875
10716,Middle,500-999,750,750,1
10717,High/Other,1000+,1200,1200,1
10718,High/Other,1000+,1200,1200,1
10719,Elementary,300-499,400,100,0.25
10720,High/Other,500-999,750,1200,1.6
10721,Middle,500-999,750,750,1
10722,Middle,300-499,400,750,1.875
10723,Middle,300-499,400,350,0.875
10724,High/Other,500-999,750,750,1
10725,Elementary,300-499,400,350,0.875
10726,Middle,500-999,750,350,0.4666666666666667
10727,Middle,500-999,750,750,1
10728,Elementary,<300,150,100,0.6666666666666666
10729,High/Other,500-999,750,1200,1.6
10730,High/Other,500-999,750,350,0.4666666666666667
10731,High/Other,300-499,400,750,1.875
10732,Elementary,300-499,400,350,0.875
10733,High/Other,300-499,400,350,0.875
10734,Middle,<300,150,100,0.6666666666666666
10735,Elementary,500-999,750,350,0.4666666666666667
10736,Middle,1000+,1200,1200,1
10737,Elementary,<300,150,350,2.3333333333333335
10738,High/Other,1000+,1200,1200,1
10739,High/Other,1000+,1200,1200,1
10740,Middle,500-999,750,750,1
10741,High/Other,1000+,1200,1200,1
10742,Elementary,500-999,750,750,1
10743,High/Other,500-999,750,750,1
10744,Middle,500-999,750,750,1
10745,Elementary,300-499,400,100,0.25
10746,Elementary,500-999,750,750,1
10747,Middle,500-999,750,750,1
10748,Elementary,500-999,750,350,0.4666666666666667
10749,Middle,300-499,400,750,1.875
10750,Middle,500-999,750,750,1
10751,Elementary,500-999,750,350,0.4666666666666667
10752,High/Other,300-499,400,750,1.875
10753,Elementary,500-999,750,750,1
10754,Middle,<300,150,350,2.3333333333333335
10755,High/Other,300-499,400,750,1.875
10756,Middle,500-999,750,750,1
10757,Middle,500-999,750,750,1
10758,High/Other,1000+,1200,350,0.2916666666666667
10759,Middle,500-999,750,750,1
10760,Elementary,<300,150,350,2.3333333333333335
10761,Middle,500-999,750,350,0.4666666666666667
10762,Middle,1000+,1200,1200,1
10763,High/Other,500-999,750,750,1
10764,High/Other,500-999,750,350,0.4666666666666667
10765,Middle,1000+,1200,1200,1
10766,Elementary,<300,150,100,0.6666666666666666
10767,Middle,500-999,750,750,1
10768,High/Other,500-999,750,750,1
10769,Elementary,500-999,750,350,0.4666666666666667
10770,Middle,500-999,750,750,1
10771,Middle,500-999,750,750,1
10772,Elementary,300-499,400,350,0.875
10773,Middle,300-499,400,350,0.875
10774,Middle,300-499,400,350,0.875
10775,Middle,500-999,750,750,1
10776,Middle,500-999,750,750,1
10777,High/Other,500-999,750,750,1
10778,Middle,<300,150,350,2.3333333333333335
10779,Middle,1000+,1200,1200,1
10780,Middle,500-999,750,750,1
10781,Middle,500-999,750,350,0.4666666666666667
10782,High/Other,<300,150,100,0.6666666666666666
10783,Elementary,<300,150,350,2.3333333333333335
10784,High/Other,500-999,750,750,1
10785,High/Other,300-499,400,350,0.875
10786,Middle,<300,150,350,2.3333333333333335
10787,Elementary,500-999,750,350,0.4666666666666667
10788,Middle,500-999,750,100,0.13333333333333333
10789,Middle,500-999,750,350,0.4666666666666667
10790,High/Other,1000+,1200,1200,1
10791,High/Other,1000+,1200,1200,1
10792,High/Other,300-499,400,350,0.875
10793,Middle,<300,150,350,2.3333333333333335
10794,Middle,300-499,400,750,1.875
10795,Middle,1000+,1200,750,0.625
10796,Elementary,300-499,400,350,0.875
10797,High/Other,300-499,400,750,1.875
10798,High/Other,500-999,750,750,1
10799,High/Other,<300,150,100,0.6666666666666666
10800,Elementary,500-999,750,750,1
